[
  [
    "SI. STATES/ UNION",
    "CITIES.",
    "CITIES CLASSIFIED"
  ],
  [
    "No.\nTERRITORIES",
    "CLASSIFIED",
    "AS"
  ],
  [
    "No.\nTERRITORIES",
    "AS",
    null
  ],
  [
    "MAHARASHTRA",
    "Greater Mumbai\n(UA),",
    "Amravati Nagpur\n(UA), Aurangabad (UA), Nashik"
  ],
  [
    "MAHARASHTRA",
    "Pune (UA)",
    "(UA), Bhiwandi (UA), Solapur"
  ],
  [
    "MAHARASHTRA",
    null,
    "(M.Corpn.), (UA),"
  ],
  [
    "MAHARASHTRA",
    null,
    "Vasai-Virar City (M. Corpn.),"
  ],
  [
    "MAHARASHTRA",
    null,
    "Malegaon (UA),"
  ],
  [
    "MAHARASHTRA",
    null,
    "Nanded-Waghala (M. Corpn.),"
  ],
  [
    "MAHARASHTRA",
    null,
    "Sangli (UA"
  ],
  [
    "[22\nMANIPUR",
    null,
    null
  ],
  [
    "23\nMEGHALAYA",
    null,
    null
  ],
  [
    "24\nMIZORAM",
    null,
    null
  ],
  [
    "25\nNAGALAND",
    null,
    null
  ],
  [
    "26. ODISHA",
    null,
    "Cuttack (UA), Bhubaneswar"
  ],
  [
    "37, PUDUCHERRY",
    null,
    "UA), Raurkela (UA)\nF (UA)"
  ],
  [
    "29.\nRAJASTHAN",
    "—",
    "Amritsar (UA), Jalandhar (UA),\nBikaner (M.Corpn.), Jaipur"
  ],
  [
    "29.\nRAJASTHAN",
    null,
    "(M.Corpn.), Jodhpur (UA), Kota"
  ],
  [
    "29.\nRAJASTHAN",
    null,
    "Corpn.), Ajmer (UA)"
  ],
  [
    "29.\nRAJASTHAN",
    "Chennai (UA)",
    "Salem (UA), Tiruppur (UA),"
  ],
  [
    "29.\nRAJASTHAN",
    null,
    "Coimbatore (UA),"
  ],
  [
    "32.\nTRIPURA",
    null,
    "(UA), Madurai (UA), Erode (UA)"
  ],
  [
    "33. UTTAR PRADESH",
    null,
    "Moradabad (M.Corpn), Meerut"
  ],
  [
    "33. UTTAR PRADESH",
    null,
    "(UA), Ghaziabad*(UA),"
  ],
  [
    "33. UTTAR PRADESH",
    null,
    "Aligarh(UA), Agra (UA), Bareilly"
  ],
  [
    "33. UTTAR PRADESH",
    null,
    "(UA), Lucknow (UA),\nKanpur"
  ],
  [
    "33. UTTAR PRADESH",
    null,
    "(UA), Allahabad (UA),"
  ],
  [
    "33. UTTAR PRADESH",
    null,
    "Gorakhpur (UA), Varanasi (UA),\nSaharanpur (M.Corpn.), Noida*"
  ],
  [
    "33. UTTAR PRADESH",
    null,
    "Firozabad (NPP), Jhansi"
  ],
  [
    "34\nUTTARAKHAND",
    "=",
    "Dehradun (UA)"
  ],
  [
    "35.\nWEST BENGAL",
    "Kolkata (UA)",
    "Asansol (UA), Siliguri (UA),"
  ]
]