[
  [
    "Sl. No.",
    "STATES/ UNION TERRITORIES",
    "CITIES CLASSIFIED AS X",
    "CITIES CLASSIFIED AS Y"
  ],
  [
    "21",
    "MAHARASHTRA",
    "Greater Mumbai (UA), Pune (UA)",
    "Amravati (M.Corpn.), Nagpur (UA), Aurangabad (UA), Nashik (UA), Bhiwandi (UA), Solapur (M.Corpn.), Kolhapur (UA), Vasai-Virar City (M. Corpn.), Malegaon (UA), Nanded-Waghala (M. Corpn.), Sangli (UA)"
  ],
  [
    "22",
    "MANIPUR",
    " ",
    " "
  ],
  [
    "23",
    "MEGHALAYA",
    " ",
    " "
  ],
  [
    "24",
    "MIZORAM",
    " ",
    " "
  ],
  [
    "25",
    "NAGALAND",
    " ",
    " "
  ],
  [
    "26",
    "ODISHA",
    " ",
    "Cuttack (UA), Bhubaneswar (UA), Raurkela (UA)"
  ],
  [
    "27",
    "PUDUCHERRY (PONDICHERRY)",
    " ",
    "Puducherry/Pondicherry (UA)"
  ],
  [
    "28",
    "PUNJAB",
    " ",
    "Amritsar (UA), Jalandhar (UA), Ludhiana (M. Corpn.)"
  ],
  [
    "29",
    "RAJASTHAN",
    " ",
    "Bikaner (M.Corpn.), Jaipur (M.Corpn.), Jodhpur (UA), Kota (M.Corpn.), Ajmer (UA)"
  ],
  [
    "30",
    "SIKKIM",
    " ",
    " "
  ],
  [
    "31",
    "TAMIL NADU",
    "Chennai (UA)",
    "Salem (UA), Tiruppur (UA), Coimbatore (UA), Tiruchirappalli (UA), Madurai (UA), Erode (UA)"
  ],
  [
    "32",
    "TRIPURA",
    " ",
    " "
  ],
  [
    "33",
    "UTTAR PRADESH",
    " ",
    "Moradabad (M.Corpn.), Meerut (UA), Ghaziabad* (UA), Aligarh (UA), Agra (UA), Bareilly (UA), Lucknow (UA), Kanpur (UA), Allahabad (UA), Gorakhpur (UA), Varanasi (UA), Saharanpur (M.Corpn.), Noida* (CT), Firozabad (NPP), Jhansi (UA)"
  ],
  [
    "34",
    "UTTARAKHAND",
    " ",
    "Dehradun (UA)"
  ],
  [
    "35",
    "WEST BENGAL",
    "Kolkata (UA)",
    "Asansol (UA), Siliguri (UA), Durgapur (UA)"
  ]
]
