[
  [
    "Sl. No.",
    "States / Union Territories",
    "CITIES CLASSIFIED AS X ",
    "CITIES CLASSIFIED AS y "
  ],
  [
    "1",
    "ANDAMAN & NICOBAR ISLANDS",
    " ",
    " "
  ],
  [
    "2",
    "ANDHRA PRADESH TELANGANA",
    "HYDERABAD (UA)",
    "VIJAYWADA (UA), WARANGAI (UA) , GREATER VISHAKAPATNAM (M.Corpn), Guntur(UA) ,Nellore (UA)"
  ],
  [
    "3",
    "ARUNACHAL PRADESH",
    " ",
    " "
  ],
  [
    "4",
    "ASSAM",
    " ",
    "GUWAHATI (UA)"
  ],
  [
    "5",
    "BIHAR",
    " ",
    "PATNA (UA)"
  ],
  [
    "6",
    "CHANDIGARH",
    " ",
    "CHANDIGARH (UA)"
  ],
  [
    "7",
    "CHATTISGARH",
    " ",
    "DURG-BHILAI NAGAR (UA) , RAIPUR (UA)"
  ],
  [
    "8",
    "DADRA & NAGAR HAVELI ",
    " ",
    " "
  ],
  [
    "9",
    "DAMAN & DIU",
    " ",
    " "
  ],
  [
    "10",
    "DELHI",
    "DELHI (UA)",
    ""
  ],
  [
    "11",
    "GOA",
    "",
    ""
  ],
  [
    "12",
    "GUJARAT",
    "AHMADABAD (UA)",
    "RAJKOT (UA), JAMNAGAR (UA), BHAVNAGAR (UA), VADODARA (UA), SURAT"
  ],
  [
    "13",
    "HARYANA",
    "",
    "FARIDABAD (M.Corpn), GURGAON* (UA)"
  ],
  [
    "14",
    "HIMACHAL PRADESH",
    "",
    ""
  ],
  [
    "15",
    "JAMMU & KASHMIR",
    "",
    "SRINAGAR (UA), JAMMU (UA)"
  ],
  [
    "16",
    "JHARKHAND",
    "",
    "JAMSHEDPUR (UA), DHANBAD (UA), RANCHI (UA), BOKARO STEEL CITY (UA)"
  ],
  [
    "17",
    "KARNATAKA",
    "BENGALORE/BENGALURU (UA)",
    "Belgaum (UA),  Hubli-Dharwad (M.Corpn.), Mangalore (UA), Mysore (UA), Gulbarga (UA)"
  ],
  [
    "18",
    "KERALA",
    "",
    "Kozhikode (UA), Kochi (UA), Thiruvanathapuram (UA), Thrissur (UA), Malappuram (UA), Kannur (UA), Kollam (UA)"
  ],
  [
    "19",
    "LAKSHADWEEP",
    "",
    ""
  ],
  [
    "20",
    "MADHYA PRADESH",
    "",
    "Gwalior (UA), Indore (UA), Bhopal (UA), Jabalpur (UA), Ujjain (M. Corpn.)"
  ]
]